source_url,target_url,status_code,preserve_query_string,include_subpaths,subpath_matching,preserve_path_suffix
https://coriolisagency.com/ffl-website-plans,https://coriolisagency.com/ecommerce,301,TRUE,FALSE,FALSE,FALSE
https://coriolisagency.com/ffl-website-plans/,https://coriolisagency.com/ecommerce,301,TRUE,FALSE,FALSE,FALSE
https://coriolisagency.com/plans,https://coriolisagency.com/ecommerce,301,TRUE,FALSE,FALSE,FALSE
https://coriolisagency.com/plans/,https://coriolisagency.com/ecommerce,301,TRUE,FALSE,FALSE,FALSE
https://coriolisagency.com/ffl-ecommerce,https://coriolisagency.com/ecommerce,301,TRUE,FALSE,FALSE,FALSE
https://coriolisagency.com/ffl-ecommerce/,https://coriolisagency.com/ecommerce,301,TRUE,FALSE,FALSE,FALSE
https://coriolisagency.com/pricing,https://coriolisagency.com/ecommerce,301,TRUE,FALSE,FALSE,FALSE
https://coriolisagency.com/pricing/,https://coriolisagency.com/ecommerce,301,TRUE,FALSE,FALSE,FALSE
https://coriolisagency.com/faq,https://coriolisagency.com/ecommerce,301,TRUE,FALSE,FALSE,FALSE
https://coriolisagency.com/faq/,https://coriolisagency.com/ecommerce,301,TRUE,FALSE,FALSE,FALSE
https://coriolisagency.com/payments,https://coriolisagency.com/ecommerce,301,TRUE,FALSE,FALSE,FALSE
https://coriolisagency.com/payments/,https://coriolisagency.com/ecommerce,301,TRUE,FALSE,FALSE,FALSE
https://coriolisagency.com/ffl-payments,https://coriolisagency.com/ecommerce,301,TRUE,FALSE,FALSE,FALSE
https://coriolisagency.com/ffl-payments/,https://coriolisagency.com/ecommerce,301,TRUE,FALSE,FALSE,FALSE
https://coriolisagency.com/gun-store-ecommerce,https://coriolisagency.com/ecommerce,301,TRUE,FALSE,FALSE,FALSE
https://coriolisagency.com/gun-store-ecommerce/,https://coriolisagency.com/ecommerce,301,TRUE,FALSE,FALSE,FALSE
https://coriolisagency.com/gun-store-website-builder-for-ffls,https://coriolisagency.com/ecommerce,301,TRUE,FALSE,FALSE,FALSE
https://coriolisagency.com/gun-store-website-builder-for-ffls/,https://coriolisagency.com/ecommerce,301,TRUE,FALSE,FALSE,FALSE
https://coriolisagency.com/distributor-program,https://coriolisagency.com/ecommerce,301,TRUE,FALSE,FALSE,FALSE
https://coriolisagency.com/distributor-program/,https://coriolisagency.com/ecommerce,301,TRUE,FALSE,FALSE,FALSE
https://coriolisagency.com/is-woocommerce-good-for-firearms,https://coriolisagency.com/ecommerce,301,TRUE,FALSE,FALSE,FALSE
https://coriolisagency.com/is-woocommerce-good-for-firearms/,https://coriolisagency.com/ecommerce,301,TRUE,FALSE,FALSE,FALSE
https://coriolisagency.com/can-you-use-woocommerce-to-sell-guns-the-complete-compliance-first-guide-for-ffl-holders-gun-stores-2a-brands-in-2026,https://coriolisagency.com/ecommerce,301,TRUE,FALSE,FALSE,FALSE
https://coriolisagency.com/can-you-use-woocommerce-to-sell-guns-the-complete-compliance-first-guide-for-ffl-holders-gun-stores-2a-brands-in-2026/,https://coriolisagency.com/ecommerce,301,TRUE,FALSE,FALSE,FALSE
https://coriolisagency.com/coriolis-agency-announces-fully-managed-woocommerce-hosting-for-ffl-cockpit,https://coriolisagency.com/ecommerce,301,TRUE,FALSE,FALSE,FALSE
https://coriolisagency.com/coriolis-agency-announces-fully-managed-woocommerce-hosting-for-ffl-cockpit/,https://coriolisagency.com/ecommerce,301,TRUE,FALSE,FALSE,FALSE
https://coriolisagency.com/coriolis-agency-announces-professionally-managed-hosting-for-woocommerce-and-ffl-cockpit,https://coriolisagency.com/ecommerce,301,TRUE,FALSE,FALSE,FALSE
https://coriolisagency.com/coriolis-agency-announces-professionally-managed-hosting-for-woocommerce-and-ffl-cockpit/,https://coriolisagency.com/ecommerce,301,TRUE,FALSE,FALSE,FALSE
https://coriolisagency.com/ffl-cockpit-woocommerce-hosting,https://coriolisagency.com/ecommerce,301,TRUE,FALSE,FALSE,FALSE
https://coriolisagency.com/ffl-cockpit-woocommerce-hosting/,https://coriolisagency.com/ecommerce,301,TRUE,FALSE,FALSE,FALSE
https://coriolisagency.com/contact-the-coriolis-agency,https://coriolisagency.com/contact,301,TRUE,FALSE,FALSE,FALSE
https://coriolisagency.com/contact-the-coriolis-agency/,https://coriolisagency.com/contact,301,TRUE,FALSE,FALSE,FALSE
https://coriolisagency.com/privacy-policy,https://coriolisagency.com/privacy,301,TRUE,FALSE,FALSE,FALSE
https://coriolisagency.com/privacy-policy/,https://coriolisagency.com/privacy,301,TRUE,FALSE,FALSE,FALSE
https://coriolisagency.com/meet-the-team,https://coriolisagency.com/about,301,TRUE,FALSE,FALSE,FALSE
https://coriolisagency.com/meet-the-team/,https://coriolisagency.com/about,301,TRUE,FALSE,FALSE,FALSE
https://coriolisagency.com/partners,https://coriolisagency.com/about,301,TRUE,FALSE,FALSE,FALSE
https://coriolisagency.com/partners/,https://coriolisagency.com/about,301,TRUE,FALSE,FALSE,FALSE
https://coriolisagency.com/author/devopscoriolisagency-com,https://coriolisagency.com/about,301,TRUE,FALSE,FALSE,FALSE
https://coriolisagency.com/author/devopscoriolisagency-com/,https://coriolisagency.com/about,301,TRUE,FALSE,FALSE,FALSE
https://coriolisagency.com/author/coriolisagency,https://coriolisagency.com/about,301,TRUE,FALSE,FALSE,FALSE
https://coriolisagency.com/author/coriolisagency/,https://coriolisagency.com/about,301,TRUE,FALSE,FALSE,FALSE
https://coriolisagency.com/ammoready-com-founder-launches-2a-focused-digital-marketing-agency,https://coriolisagency.com/about,301,TRUE,FALSE,FALSE,FALSE
https://coriolisagency.com/ammoready-com-founder-launches-2a-focused-digital-marketing-agency/,https://coriolisagency.com/about,301,TRUE,FALSE,FALSE,FALSE
https://coriolisagency.com/shadowsmith-ammo-selects-coriolis-agency-for-next-generation-ecommerce-pos-payments-ammoseek-integration,https://coriolisagency.com/about,301,TRUE,FALSE,FALSE,FALSE
https://coriolisagency.com/shadowsmith-ammo-selects-coriolis-agency-for-next-generation-ecommerce-pos-payments-ammoseek-integration/,https://coriolisagency.com/about,301,TRUE,FALSE,FALSE,FALSE
https://coriolisagency.com/ammoready-alternative-why-ffls-are-switching-to-coriolis,https://coriolisagency.com/ammoready-alternative,301,TRUE,FALSE,FALSE,FALSE
https://coriolisagency.com/ammoready-alternative-why-ffls-are-switching-to-coriolis/,https://coriolisagency.com/ammoready-alternative,301,TRUE,FALSE,FALSE,FALSE
https://coriolisagency.com/gearfire-alternative-why-ffls-are-choosing-coriolis-instead,https://coriolisagency.com/ammoready-alternative,301,TRUE,FALSE,FALSE,FALSE
https://coriolisagency.com/gearfire-alternative-why-ffls-are-choosing-coriolis-instead/,https://coriolisagency.com/ammoready-alternative,301,TRUE,FALSE,FALSE,FALSE
https://coriolisagency.com/why-woocommerce-ffl-cockpit-managed-by-coriolisagency-beats-gearfire-and-ammoready-for-ffl-dealers-in-2026,https://coriolisagency.com/ammoready-alternative,301,TRUE,FALSE,FALSE,FALSE
https://coriolisagency.com/why-woocommerce-ffl-cockpit-managed-by-coriolisagency-beats-gearfire-and-ammoready-for-ffl-dealers-in-2026/,https://coriolisagency.com/ammoready-alternative,301,TRUE,FALSE,FALSE,FALSE
https://coriolisagency.com/switch,https://coriolisagency.com/ammoready-alternative,301,TRUE,FALSE,FALSE,FALSE
https://coriolisagency.com/switch/,https://coriolisagency.com/ammoready-alternative,301,TRUE,FALSE,FALSE,FALSE
https://coriolisagency.com/switch-n-save,https://coriolisagency.com/ammoready-alternative,301,TRUE,FALSE,FALSE,FALSE
https://coriolisagency.com/switch-n-save/,https://coriolisagency.com/ammoready-alternative,301,TRUE,FALSE,FALSE,FALSE
https://coriolisagency.com/ffl-dropshipping,https://coriolisagency.com/firearms-dropshipping,301,TRUE,FALSE,FALSE,FALSE
https://coriolisagency.com/ffl-dropshipping/,https://coriolisagency.com/firearms-dropshipping,301,TRUE,FALSE,FALSE,FALSE
https://coriolisagency.com/what-is-firearms-dropshipping,https://coriolisagency.com/firearms-dropshipping,301,TRUE,FALSE,FALSE,FALSE
https://coriolisagency.com/what-is-firearms-dropshipping/,https://coriolisagency.com/firearms-dropshipping,301,TRUE,FALSE,FALSE,FALSE
https://coriolisagency.com/firearms-dropshipping-woocommerce,https://coriolisagency.com/firearms-dropshipping,301,TRUE,FALSE,FALSE,FALSE
https://coriolisagency.com/firearms-dropshipping-woocommerce/,https://coriolisagency.com/firearms-dropshipping,301,TRUE,FALSE,FALSE,FALSE
https://coriolisagency.com/dropshipping-firearms-ammunition-for-ffls-coriolis-agency,https://coriolisagency.com/firearms-dropshipping,301,TRUE,FALSE,FALSE,FALSE
https://coriolisagency.com/dropshipping-firearms-ammunition-for-ffls-coriolis-agency/,https://coriolisagency.com/firearms-dropshipping,301,TRUE,FALSE,FALSE,FALSE
https://coriolisagency.com/home-based-ffl-distributors-how-to-build-a-profitable-online-firearms-business-from-home-in-2026,https://coriolisagency.com/firearms-dropshipping,301,TRUE,FALSE,FALSE,FALSE
https://coriolisagency.com/home-based-ffl-distributors-how-to-build-a-profitable-online-firearms-business-from-home-in-2026/,https://coriolisagency.com/firearms-dropshipping,301,TRUE,FALSE,FALSE,FALSE
https://coriolisagency.com/dropshipping-for-home-based-ffls-how-to-build-a-scalable-firearms-business-without-a-storefront,https://coriolisagency.com/firearms-dropshipping,301,TRUE,FALSE,FALSE,FALSE
https://coriolisagency.com/dropshipping-for-home-based-ffls-how-to-build-a-scalable-firearms-business-without-a-storefront/,https://coriolisagency.com/firearms-dropshipping,301,TRUE,FALSE,FALSE,FALSE
https://coriolisagency.com/home-based-ffl-dropshipping-with-woocommerce-ffl-cockpit-2026-complete-setup-guide,https://coriolisagency.com/firearms-dropshipping,301,TRUE,FALSE,FALSE,FALSE
https://coriolisagency.com/home-based-ffl-dropshipping-with-woocommerce-ffl-cockpit-2026-complete-setup-guide/,https://coriolisagency.com/firearms-dropshipping,301,TRUE,FALSE,FALSE,FALSE
https://coriolisagency.com/rsr-group-dropshipping-for-woocommerce-automated-firearms-sales-engine,https://coriolisagency.com/firearms-dropshipping,301,TRUE,FALSE,FALSE,FALSE
https://coriolisagency.com/rsr-group-dropshipping-for-woocommerce-automated-firearms-sales-engine/,https://coriolisagency.com/firearms-dropshipping,301,TRUE,FALSE,FALSE,FALSE
https://coriolisagency.com/zanders-sporting-goods-dropshipping-for-woocommerce,https://coriolisagency.com/firearms-dropshipping,301,TRUE,FALSE,FALSE,FALSE
https://coriolisagency.com/zanders-sporting-goods-dropshipping-for-woocommerce/,https://coriolisagency.com/firearms-dropshipping,301,TRUE,FALSE,FALSE,FALSE
https://coriolisagency.com/chattanooga-shooting-supplies-firearms-dropshipping-for-woocommerce,https://coriolisagency.com/firearms-dropshipping,301,TRUE,FALSE,FALSE,FALSE
https://coriolisagency.com/chattanooga-shooting-supplies-firearms-dropshipping-for-woocommerce/,https://coriolisagency.com/firearms-dropshipping,301,TRUE,FALSE,FALSE,FALSE
https://coriolisagency.com/sports-south-dropshipping-for-woocommerce-automated-firearms-sales-engine,https://coriolisagency.com/firearms-dropshipping,301,TRUE,FALSE,FALSE,FALSE
https://coriolisagency.com/sports-south-dropshipping-for-woocommerce-automated-firearms-sales-engine/,https://coriolisagency.com/firearms-dropshipping,301,TRUE,FALSE,FALSE,FALSE
https://coriolisagency.com/rsr-group-firearms-dropshipping-for-woocommerce,https://coriolisagency.com/firearms-dropshipping,301,TRUE,FALSE,FALSE,FALSE
https://coriolisagency.com/rsr-group-firearms-dropshipping-for-woocommerce/,https://coriolisagency.com/firearms-dropshipping,301,TRUE,FALSE,FALSE,FALSE
https://coriolisagency.com/lipseys-firearms-dropshipping-for-woocommerce,https://coriolisagency.com/firearms-dropshipping,301,TRUE,FALSE,FALSE,FALSE
https://coriolisagency.com/lipseys-firearms-dropshipping-for-woocommerce/,https://coriolisagency.com/firearms-dropshipping,301,TRUE,FALSE,FALSE,FALSE
https://coriolisagency.com/sports-south-firearms-dropshipping-for-woocommerce,https://coriolisagency.com/firearms-dropshipping,301,TRUE,FALSE,FALSE,FALSE
https://coriolisagency.com/sports-south-firearms-dropshipping-for-woocommerce/,https://coriolisagency.com/firearms-dropshipping,301,TRUE,FALSE,FALSE,FALSE
https://coriolisagency.com/orion-wholesale-firearms-dropshipping-for-woocommerce,https://coriolisagency.com/firearms-dropshipping,301,TRUE,FALSE,FALSE,FALSE
https://coriolisagency.com/orion-wholesale-firearms-dropshipping-for-woocommerce/,https://coriolisagency.com/firearms-dropshipping,301,TRUE,FALSE,FALSE,FALSE
https://coriolisagency.com/kinseys-firearms-dropshipping-for-woocommerce,https://coriolisagency.com/firearms-dropshipping,301,TRUE,FALSE,FALSE,FALSE
https://coriolisagency.com/kinseys-firearms-dropshipping-for-woocommerce/,https://coriolisagency.com/firearms-dropshipping,301,TRUE,FALSE,FALSE,FALSE
https://coriolisagency.com/lipseys-dropshipping-for-woocommerce,https://coriolisagency.com/firearms-dropshipping,301,TRUE,FALSE,FALSE,FALSE
https://coriolisagency.com/lipseys-dropshipping-for-woocommerce/,https://coriolisagency.com/firearms-dropshipping,301,TRUE,FALSE,FALSE,FALSE
https://coriolisagency.com/davidsons-firearms-dropshipping-for-woocommerce,https://coriolisagency.com/firearms-dropshipping,301,TRUE,FALSE,FALSE,FALSE
https://coriolisagency.com/davidsons-firearms-dropshipping-for-woocommerce/,https://coriolisagency.com/firearms-dropshipping,301,TRUE,FALSE,FALSE,FALSE
https://coriolisagency.com/mge-wholesale-firearms-dropshipping-for-woocommerce,https://coriolisagency.com/firearms-dropshipping,301,TRUE,FALSE,FALSE,FALSE
https://coriolisagency.com/mge-wholesale-firearms-dropshipping-for-woocommerce/,https://coriolisagency.com/firearms-dropshipping,301,TRUE,FALSE,FALSE,FALSE
https://coriolisagency.com/gun-accessory-supply-firearms-dropshipping-for-woocommerce,https://coriolisagency.com/firearms-dropshipping,301,TRUE,FALSE,FALSE,FALSE
https://coriolisagency.com/gun-accessory-supply-firearms-dropshipping-for-woocommerce/,https://coriolisagency.com/firearms-dropshipping,301,TRUE,FALSE,FALSE,FALSE
https://coriolisagency.com/camfour-firearms-dropshipping-for-woocommerce,https://coriolisagency.com/firearms-dropshipping,301,TRUE,FALSE,FALSE,FALSE
https://coriolisagency.com/camfour-firearms-dropshipping-for-woocommerce/,https://coriolisagency.com/firearms-dropshipping,301,TRUE,FALSE,FALSE,FALSE
https://coriolisagency.com/iron-valley-firearms-dropshipping-for-woocommerce,https://coriolisagency.com/firearms-dropshipping,301,TRUE,FALSE,FALSE,FALSE
https://coriolisagency.com/iron-valley-firearms-dropshipping-for-woocommerce/,https://coriolisagency.com/firearms-dropshipping,301,TRUE,FALSE,FALSE,FALSE
https://coriolisagency.com/bill-hicks-firearms-dropshipping-for-woocommerce,https://coriolisagency.com/firearms-dropshipping,301,TRUE,FALSE,FALSE,FALSE
https://coriolisagency.com/bill-hicks-firearms-dropshipping-for-woocommerce/,https://coriolisagency.com/firearms-dropshipping,301,TRUE,FALSE,FALSE,FALSE
https://coriolisagency.com/2nd-amendment-wholesale-firearms-dropshipping-for-woocommerce,https://coriolisagency.com/firearms-dropshipping,301,TRUE,FALSE,FALSE,FALSE
https://coriolisagency.com/2nd-amendment-wholesale-firearms-dropshipping-for-woocommerce/,https://coriolisagency.com/firearms-dropshipping,301,TRUE,FALSE,FALSE,FALSE
https://coriolisagency.com/crow-shooting-supply-firearms-dropshipping-for-woocommerce,https://coriolisagency.com/firearms-dropshipping,301,TRUE,FALSE,FALSE,FALSE
https://coriolisagency.com/crow-shooting-supply-firearms-dropshipping-for-woocommerce/,https://coriolisagency.com/firearms-dropshipping,301,TRUE,FALSE,FALSE,FALSE
https://coriolisagency.com/kroll-international-firearms-dropshipping-for-woocommerce,https://coriolisagency.com/firearms-dropshipping,301,TRUE,FALSE,FALSE,FALSE
https://coriolisagency.com/kroll-international-firearms-dropshipping-for-woocommerce/,https://coriolisagency.com/firearms-dropshipping,301,TRUE,FALSE,FALSE,FALSE
https://coriolisagency.com/msr-distributions-firearms-dropshipping-for-woocommerce,https://coriolisagency.com/firearms-dropshipping,301,TRUE,FALSE,FALSE,FALSE
https://coriolisagency.com/msr-distributions-firearms-dropshipping-for-woocommerce/,https://coriolisagency.com/firearms-dropshipping,301,TRUE,FALSE,FALSE,FALSE
https://coriolisagency.com/amchar-firearms-dropshipping-for-woocommerce,https://coriolisagency.com/firearms-dropshipping,301,TRUE,FALSE,FALSE,FALSE
https://coriolisagency.com/amchar-firearms-dropshipping-for-woocommerce/,https://coriolisagency.com/firearms-dropshipping,301,TRUE,FALSE,FALSE,FALSE
https://coriolisagency.com/countrywide-sports-firearms-dropshipping-for-woocommerce,https://coriolisagency.com/firearms-dropshipping,301,TRUE,FALSE,FALSE,FALSE
https://coriolisagency.com/countrywide-sports-firearms-dropshipping-for-woocommerce/,https://coriolisagency.com/firearms-dropshipping,301,TRUE,FALSE,FALSE,FALSE
https://coriolisagency.com/hicks-firearms-dropshipping-for-woocommerce,https://coriolisagency.com/firearms-dropshipping,301,TRUE,FALSE,FALSE,FALSE
https://coriolisagency.com/hicks-firearms-dropshipping-for-woocommerce/,https://coriolisagency.com/firearms-dropshipping,301,TRUE,FALSE,FALSE,FALSE
https://coriolisagency.com/zanders-firearms-dropshipping-for-woocommerce,https://coriolisagency.com/firearms-dropshipping,301,TRUE,FALSE,FALSE,FALSE
https://coriolisagency.com/zanders-firearms-dropshipping-for-woocommerce/,https://coriolisagency.com/firearms-dropshipping,301,TRUE,FALSE,FALSE,FALSE
https://coriolisagency.com/wholesale-firearms-dropshipping-for-woocommerce,https://coriolisagency.com/firearms-dropshipping,301,TRUE,FALSE,FALSE,FALSE
https://coriolisagency.com/wholesale-firearms-dropshipping-for-woocommerce/,https://coriolisagency.com/firearms-dropshipping,301,TRUE,FALSE,FALSE,FALSE
https://coriolisagency.com/rsr-group-firearms-dropshipping-for-ffls,https://coriolisagency.com/firearms-dropshipping,301,TRUE,FALSE,FALSE,FALSE
https://coriolisagency.com/rsr-group-firearms-dropshipping-for-ffls/,https://coriolisagency.com/firearms-dropshipping,301,TRUE,FALSE,FALSE,FALSE
https://coriolisagency.com/ffl-cockpit-distributors-complete-list-of-21-supported-firearm-distributors-for-woocommerce-2026-update,https://coriolisagency.com/ffl-cockpit,301,TRUE,FALSE,FALSE,FALSE
https://coriolisagency.com/ffl-cockpit-distributors-complete-list-of-21-supported-firearm-distributors-for-woocommerce-2026-update/,https://coriolisagency.com/ffl-cockpit,301,TRUE,FALSE,FALSE,FALSE
https://coriolisagency.com/coriolis-agency-launches-betsy-ai-gun-search-engine-and-gun-search-agent,https://coriolisagency.com/ai-factory,301,TRUE,FALSE,FALSE,FALSE
https://coriolisagency.com/coriolis-agency-launches-betsy-ai-gun-search-engine-and-gun-search-agent/,https://coriolisagency.com/ai-factory,301,TRUE,FALSE,FALSE,FALSE
https://coriolisagency.com/coriolis-agency-partners-with-aim-pos-to-deliver-integrated-pos-and-woocommerce-solutions-for-gun-stores-and-shooting-ranges,https://coriolisagency.com/ecommerce,301,TRUE,FALSE,FALSE,FALSE
https://coriolisagency.com/coriolis-agency-partners-with-aim-pos-to-deliver-integrated-pos-and-woocommerce-solutions-for-gun-stores-and-shooting-ranges/,https://coriolisagency.com/ecommerce,301,TRUE,FALSE,FALSE,FALSE
https://coriolisagency.com/coriolis-agency-announces-support-for-corestore-pos-integration-with-woocommerce,https://coriolisagency.com/ecommerce,301,TRUE,FALSE,FALSE,FALSE
https://coriolisagency.com/coriolis-agency-announces-support-for-corestore-pos-integration-with-woocommerce/,https://coriolisagency.com/ecommerce,301,TRUE,FALSE,FALSE,FALSE
https://coriolisagency.com/ecommerce-for-trident-1-pos,https://coriolisagency.com/ecommerce,301,TRUE,FALSE,FALSE,FALSE
https://coriolisagency.com/ecommerce-for-trident-1-pos/,https://coriolisagency.com/ecommerce,301,TRUE,FALSE,FALSE,FALSE
https://coriolisagency.com/aim-pos-integration-for-woocommerce,https://coriolisagency.com/ecommerce,301,TRUE,FALSE,FALSE,FALSE
https://coriolisagency.com/aim-pos-integration-for-woocommerce/,https://coriolisagency.com/ecommerce,301,TRUE,FALSE,FALSE,FALSE
https://coriolisagency.com/rapid-gun-systems-pos-integration-for-woocommerce-gun-store-ecommerce,https://coriolisagency.com/ecommerce,301,TRUE,FALSE,FALSE,FALSE
https://coriolisagency.com/rapid-gun-systems-pos-integration-for-woocommerce-gun-store-ecommerce/,https://coriolisagency.com/ecommerce,301,TRUE,FALSE,FALSE,FALSE
https://coriolisagency.com/axis-pos-woocommerce-a-powerful-integration-for-ffl-dealers-looking-for-a-gearfire-alternative,https://coriolisagency.com/ecommerce,301,TRUE,FALSE,FALSE,FALSE
https://coriolisagency.com/axis-pos-woocommerce-a-powerful-integration-for-ffl-dealers-looking-for-a-gearfire-alternative/,https://coriolisagency.com/ecommerce,301,TRUE,FALSE,FALSE,FALSE
https://coriolisagency.com/coriolis-agency-and-microbiz-partner-to-deliver-seamless-ffl-compliant-pos-ecommerce-and-dropshipping-for-firearms-retailers,https://coriolisagency.com/ecommerce,301,TRUE,FALSE,FALSE,FALSE
https://coriolisagency.com/coriolis-agency-and-microbiz-partner-to-deliver-seamless-ffl-compliant-pos-ecommerce-and-dropshipping-for-firearms-retailers/,https://coriolisagency.com/ecommerce,301,TRUE,FALSE,FALSE,FALSE
https://coriolisagency.com/pos-integration-for-gun-store-ecommerce,https://coriolisagency.com/ecommerce,301,TRUE,FALSE,FALSE,FALSE
https://coriolisagency.com/pos-integration-for-gun-store-ecommerce/,https://coriolisagency.com/ecommerce,301,TRUE,FALSE,FALSE,FALSE
https://coriolisagency.com/gun-store-pos-for-ffls,https://coriolisagency.com/ecommerce,301,TRUE,FALSE,FALSE,FALSE
https://coriolisagency.com/gun-store-pos-for-ffls/,https://coriolisagency.com/ecommerce,301,TRUE,FALSE,FALSE,FALSE
https://coriolisagency.com/axis-pos-woocommerce-integration-now-available-real-time-sync-for-ffl-dealers,https://coriolisagency.com/ecommerce,301,TRUE,FALSE,FALSE,FALSE
https://coriolisagency.com/axis-pos-woocommerce-integration-now-available-real-time-sync-for-ffl-dealers/,https://coriolisagency.com/ecommerce,301,TRUE,FALSE,FALSE,FALSE
